property_id,paon,saon,street,locality,town,district,county,postcode
5f613265-8fd0-4ef9-bd64-b3be63cc3964,FLAT 14,RYDAL COURT,GRASMERE CLOSE,WATFORD,WATFORD,WATFORD,HERTFORDSHIRE,WD25 7JL
f0db759a-dad6-4575-a448-a43bde7026b5,FLAT 73,NEPTUNE COURT,THE STRAND,BRIGHTON MARINA VILLAGE,BRIGHTON,BRIGHTON AND HOVE,BRIGHTON AND HOVE,BN2 5SN
c99a0881-c5ec-41c7-b79c-c5515b41b226,8,TONBRIDGE HOUSE,CYPRESS COURT,ROCHESTER,ROCHESTER,MEDWAY,MEDWAY,ME2 4QD
7fcd5b15-0232-4138-984b-e1ec56415301,1,HOLME FARM COURT,HIGH STREET,FLAMBOROUGH,BRIDLINGTON,EAST RIDING OF YORKSHIRE,EAST RIDING OF YORKSHIRE,YO15 1JX
8521ffd3-a56f-466d-8ff6-b4e1117a3cc0,FLAT 4,WOODLEY COURT,ST ANNS LANE,GODMANCHESTER,HUNTINGDON,HUNTINGDONSHIRE,CAMBRIDGESHIRE,PE29 2NY
2be73fee-3843-4c7c-8be3-d039fe81e150,FLAT 1-4,TREE VIEW,FORE STREET,STRATTON,BUDE,NORTH CORNWALL,CORNWALL,EX23 9DA
